index,image_url,timestamp
1,https://lh3.googleusercontent.com/p/AF1QipMnGg2AimiTgzaRgCWzYudpdA2Wen7AFk65YVrH=w0-h0-k-no,2025-04-25 17:13:26
2,https://lh3.googleusercontent.com/p/AF1QipPtMLwt5PvYI8j7NT9tNomfTgHwA35Aq092wpWl=w0-h0-k-no,2025-04-25 17:14:24
3,https://lh3.googleusercontent.com/p/AF1QipOJxNDNx5Uz-bFY3IBMPP3Z41DPw5zv2uxWPiaq=w0-h0-k-no,2025-04-25 17:14:54
4,https://lh3.googleusercontent.com/p/AF1QipMUqb1KnQw-Xm2R9KLWPlxS8LJq-jLo1bWMLQJE=w0-h0-k-no,2025-04-25 17:15:24
5,https://lh3.googleusercontent.com/p/AF1QipOkNyQogAoBo9MORwCEPw31NN9iYNxlmDoyJLgu=w0-h0-k-no,2025-04-25 17:15:53
6,https://lh3.googleusercontent.com/p/AF1QipNXZT1q-b7Z1DMg9rW8CmUvVemOvQs8tH-O9DBC=w0-h0-k-no,2025-04-25 17:16:23
7,https://lh3.googleusercontent.com/p/AF1QipOpEbYxA_aVlZYvOtdStyNSgs0nA6ubOuui7VQM=w0-h0-k-no,2025-04-25 17:17:21
8,https://lh3.googleusercontent.com/p/AF1QipM9SxZ2Z-Veim7WCCZq4TrLeCJMNbW98K_2l5Yr=w0-h0-k-no,2025-04-25 17:17:50
9,https://lh3.googleusercontent.com/p/AF1QipOhK-Fa8EdF6ygceXFKKxm6sG6DFLkI1llf6eEd=w0-h0-k-no,2025-04-25 17:18:19
10,https://lh3.googleusercontent.com/p/AF1QipPeqLseFctm6B3kjAPaSyICFG5soRpxTBN7br0V=w0-h0-k-no,2025-04-25 17:18:47
11,https://lh3.googleusercontent.com/p/AF1QipNeFB3ztHz4VT7S8m1vAbIgmg8IlUhY_ptwHq1H=w0-h0-k-no,2025-04-25 17:19:16
12,https://lh3.googleusercontent.com/p/AF1QipPmOwGWpk4Gfq0GtdkH_PJszvZFGbYNS6peExw5=w0-h0-k-no,2025-04-25 17:20:14
13,https://lh3.googleusercontent.com/p/AF1QipPVf0aiJHorf0fCNKn7tbkeqeED2z8apE43YJ2c=w0-h0-k-no,2025-04-25 17:20:43
14,https://lh3.googleusercontent.com/p/AF1QipM6qG_V6y53h9yAa_-SdlcKO-cMjt0M8s2UlmK7=w0-h0-k-no,2025-04-25 17:21:11
15,https://lh3.googleusercontent.com/p/AF1QipPL2E_PzZ9niEszc7KZNCaaElwdjdFXPY0gRZRv=w0-h0-k-no,2025-04-25 17:21:40
